state,city,url,zip
TX,Abilene,https://abilene.craigslist.org,79697
OH,Akron / Canton,https://akroncanton.craigslist.org,44308
GA,Albany,https://albanyga.craigslist.org,31701
NY,Albany,https://albany.craigslist.org,12207
NM,Albuquerque,https://albuquerque.craigslist.org,87102
PA,Altoona-Johnstown,https://altoona.craigslist.org,16602
TX,Amarillo,https://amarillo.craigslist.org,79101
IA,Ames,https://ames.craigslist.org,50010
AK,Anchorage / Mat-Su,https://anchorage.craigslist.org,99513
MD,Annapolis,https://annapolis.craigslist.org,21411
MI,Ann Arbor,https://annarbor.craigslist.org,48104
WI,Appleton-Oshkosh-Fdl,https://appleton.craigslist.org,54911
NC,Asheville,https://asheville.craigslist.org,28801
OH,Ashtabula,https://ashtabula.craigslist.org,44004
GA,Athens,https://athensga.craigslist.org,30609
OH,Athens,https://athensohio.craigslist.org,45701
GA,Atlanta,https://atlanta.craigslist.org,30303
AL,Auburn,https://auburn.craigslist.org,36830
GA,Augusta,https://augusta.craigslist.org,30901
TX,Austin,https://austin.craigslist.org,78701
CA,Bakersfield,https://bakersfield.craigslist.org,93301
MD,Baltimore,https://baltimore.craigslist.org,21233
LA,Baton Rouge,https://batonrouge.craigslist.org,70801
MI,Battle Creek,https://battlecreek.craigslist.org,49016
TX,Beaumont / Port Arthur,https://beaumont.craigslist.org,77701
WA,Bellingham,https://bellingham.craigslist.org,98225
MN,Bemidji,https://bemidji.craigslist.org,56601
OR,Bend,https://bend.craigslist.org,97702
MT,Billings,https://billings.craigslist.org,59101
NY,Binghamton,https://binghamton.craigslist.org,13901
AL,Birmingham,https://bham.craigslist.org,35203
ND,Bismarck,https://bismarck.craigslist.org,58505
IN,Bloomington,https://bloomington.craigslist.org,47405
IL,Bloomington-Normal,https://bn.craigslist.org,61701
ID,Boise,https://boise.craigslist.org,83720
NC,Boone,https://boone.craigslist.org,28608
MA,"Boston  - Includes Merrimack Valley, Metro West, North Shore, South Shore",https://boston.craigslist.org,02102
CO,Boulder,https://boulder.craigslist.org,80309
KY,Bowling Green,https://bgky.craigslist.org,42101
MT,Bozeman,https://bozeman.craigslist.org,59715
MN,Brainerd,https://brainerd.craigslist.org,56401
TX,Brownsville,https://brownsville.craigslist.org,78520
GA,Brunswick,https://brunswick.craigslist.org,31520
NY,Buffalo,https://buffalo.craigslist.org,14202
MT,Butte,https://butte.craigslist.org,59703
MA,Cape Cod / Islands,https://capecod.craigslist.org,02601
NY,Catskills,https://catskills.craigslist.org,12401
IA,Cedar Rapids,https://cedarrapids.craigslist.org,52401
LA,Central Louisiana,https://cenla.craigslist.org,71301
MI,Central Michigan,https://centralmich.craigslist.org,48858
NJ,Central Nj,https://cnj.craigslist.org,08902
IL,Champaign Urbana,https://chambana.craigslist.org,61820
SC,Charleston,https://charleston.craigslist.org,29424
WV,Charleston,https://charlestonwv.craigslist.org,25339
NC,Charlotte,https://charlotte.craigslist.org,28246
VA,Charlottesville,https://charlottesville.craigslist.org,22902
TN,Chattanooga,https://chattanooga.craigslist.org,37402
NY,Chautauqua,https://chautauqua.craigslist.org,14701
IL,Chicago,https://chicago.craigslist.org,60604
CA,Chico,https://chico.craigslist.org,95928
OH,Chillicothe,https://chillicothe.craigslist.org,45601
OH,Cincinnati,https://cincinnati.craigslist.org,45210
TN,Clarksville,https://clarksville.craigslist.org,37040
OH,Cleveland,https://cleveland.craigslist.org,44114
NM,Clovis / Portales,https://clovis.craigslist.org,88101
TX,College Station,https://collegestation.craigslist.org,77841
CO,Colorado Springs,https://cosprings.craigslist.org,80903
MO,Columbia / Jeff City,https://columbiamo.craigslist.org,65216
SC,Columbia,https://columbia.craigslist.org,29204
GA,Columbus,https://columbusga.craigslist.org,31901
OH,Columbus,https://columbus.craigslist.org,43216
TN,Cookeville,https://cookeville.craigslist.org,38501
TX,Corpus Christi,https://corpuschristi.craigslist.org,78404
OR,Corvallis/Albany,https://corvallis.craigslist.org,97331
PA,Cumberland Valley,https://chambersburg.craigslist.org,17202
TX,Dallas / Fort Worth,https://dallas.craigslist.org,75242
VA,Danville,https://danville.craigslist.org,24541
FL,Daytona Beach,https://daytona.craigslist.org,32115
OH,Dayton / Springfield,https://dayton.craigslist.org,45423
IL,Decatur,https://decatur.craigslist.org,62523
TX,Deep East Texas,https://nacogdoches.craigslist.org,75961
OH,Delaware,https://delaware.craigslist.org,43015
TX,Del Rio / Eagle Pass,https://delrio.craigslist.org,78840
CO,Denver,https://denver.craigslist.org,80264
IA,Des Moines,https://desmoines.craigslist.org,50309
MI,Detroit Metro,https://detroit.craigslist.org,48226
AL,Dothan,https://dothan.craigslist.org,36301
IA,Dubuque,https://dubuque.craigslist.org,52001
MN,Duluth / Superior,https://duluth.craigslist.org,55802
CO,Eastern Co,https://eastco.craigslist.org,80751
CT,Eastern Ct,https://newlondon.craigslist.org,06320
KY,Eastern Kentucky,https://eastky.craigslist.org,41501
MT,Eastern Montana,https://montana.craigslist.org,59301
NC,Eastern Nc,https://eastnc.craigslist.org,27858
WV,Eastern Panhandle,https://martinsburg.craigslist.org,25401
VA,Eastern Shore,https://easternshore.craigslist.org,23310
ID,East Idaho,https://eastidaho.craigslist.org,83403
OR,East Oregon,https://eastoregon.craigslist.org,97801
WI,Eau Claire,https://eauclaire.craigslist.org,54701
NV,Elko,https://elko.craigslist.org,89801
NY,Elmira-Corning,https://elmira.craigslist.org,14905
TX,El Paso,https://elpaso.craigslist.org,79901
PA,Erie,https://erie.craigslist.org,16508
OR,Eugene,https://eugene.craigslist.org,97401
IN,Evansville,https://evansville.craigslist.org,47708
AK,Fairbanks,https://fairbanks.craigslist.org,99707
ND,Fargo / Moorhead,https://fargo.craigslist.org,58108
NM,Farmington,https://farmington.craigslist.org,87401
AR,Fayetteville,https://fayar.craigslist.org,72701
NC,Fayetteville,https://fayetteville.craigslist.org,28301
NY,Finger Lakes,https://fingerlakes.craigslist.org,14456
AZ,Flagstaff / Sedona,https://flagstaff.craigslist.org,86001
MI,Flint,https://flint.craigslist.org,48503
AL,Florence / Muscle Shoals,https://shoals.craigslist.org,35632
SC,Florence,https://florencesc.craigslist.org,29506
FL,Florida Keys,https://keys.craigslist.org,33040
CO,Fort Collins / North Co,https://fortcollins.craigslist.org,80523
IA,Fort Dodge,https://fortdodge.craigslist.org,50501
AR,Fort Smith,https://fortsmith.craigslist.org,72901
IN,Fort Wayne,https://fortwayne.craigslist.org,46802
MD,Frederick,https://frederick.craigslist.org,21705
VA,Fredericksburg,https://fredericksburg.craigslist.org,22404
CA,Fresno / Madera,https://fresno.craigslist.org,93721
FL,Ft Myers / Sw Florida,https://fortmyers.craigslist.org,33901
AL,Gadsden-Anniston,https://gadsden.craigslist.org,35901
FL,Gainesville,https://gainesville.craigslist.org,32601
TX,Galveston,https://galveston.craigslist.org,77550
NY,Glens Falls,https://glensfalls.craigslist.org,12801
CA,Gold Country,https://goldcountry.craigslist.org,95667
ND,Grand Forks,https://grandforks.craigslist.org,56721
NE,Grand Island,https://grandisland.craigslist.org,68801
MI,Grand Rapids,https://grandrapids.craigslist.org,49503
MT,Great Falls,https://greatfalls.craigslist.org,59405
WI,Green Bay,https://greenbay.craigslist.org,54305
NC,Greensboro,https://greensboro.craigslist.org,27403
SC,Greenville / Upstate,https://greenville.craigslist.org,29601
MS,Gulfport / Biloxi,https://gulfport.craigslist.org,39501
CA,Hanford-Corcoran,https://hanford.craigslist.org,93230
PA,Harrisburg,https://harrisburg.craigslist.org,17124
VA,Harrisonburg,https://harrisonburg.craigslist.org,22801
CT,Hartford,https://hartford.craigslist.org,06106
MS,Hattiesburg,https://hattiesburg.craigslist.org,39401
HI,Hawaii,https://honolulu.craigslist.org,96843
FL,Heartland Florida,https://cfl.craigslist.org,33870
MT,Helena,https://helena.craigslist.org,59601
NC,Hickory / Lenoir,https://hickory.craigslist.org,28601
CO,High Rockies,https://rockies.craigslist.org,81601
SC,Hilton Head,https://hiltonhead.craigslist.org,29928
MI,Holland,https://holland.craigslist.org,49423
LA,Houma,https://houma.craigslist.org,70360
TX,Houston,https://houston.craigslist.org,77010
NY,Hudson Valley,https://hudsonvalley.craigslist.org,12601
CA,Humboldt County,https://humboldt.craigslist.org,95501
WV,Huntington-Ashland,https://huntington.craigslist.org,25701
AL,Huntsville / Decatur,https://huntsville.craigslist.org,35801
CA,Imperial County,https://imperial.craigslist.org,92243
IN,Indianapolis,https://indianapolis.craigslist.org,46282
CA,Inland Empire,https://inlandempire.craigslist.org,92552
IA,Iowa City,https://iowacity.craigslist.org,52240
NY,Ithaca,https://ithaca.craigslist.org,14851
MI,Jackson,https://jxn.craigslist.org,49201
MS,Jackson,https://jackson.craigslist.org,39201
TN,Jackson,https://jacksontn.craigslist.org,38301
FL,Jacksonville,https://jacksonville.craigslist.org,32202
NC,Jacksonville,https://onslow.craigslist.org,28540
WI,Janesville,https://janesville.craigslist.org,53545
NJ,Jersey Shore,https://jerseyshore.craigslist.org,08722
AR,Jonesboro,https://jonesboro.craigslist.org,72401
MO,Joplin,https://joplin.craigslist.org,64801
MI,Kalamazoo,https://kalamazoo.craigslist.org,49007
MT,Kalispell,https://kalispell.craigslist.org,59901
MO,Kansas City,https://kansascity.craigslist.org,64106
AK,Kenai Peninsula,https://kenai.craigslist.org,99511
WA,Kennewick-Pasco-Richland,https://kpr.craigslist.org,99336
WI,Kenosha-Racine,https://racine.craigslist.org,53143
TX,Killeen / Temple / Ft Hood,https://killeen.craigslist.org,76543
MO,Kirksville,https://kirksville.craigslist.org,63501
OR,Klamath Falls,https://klamath.craigslist.org,97601
TN,Knoxville,https://knoxville.craigslist.org,37902
IN,Kokomo,https://kokomo.craigslist.org,46901
WI,La Crosse,https://lacrosse.craigslist.org,54601
LA,Lafayette,https://lafayette.craigslist.org,70501
IN,Lafayette / West Lafayette,https://tippecanoe.craigslist.org,47902
LA,Lake Charles,https://lakecharles.craigslist.org,70601
FL,Lakeland,https://lakeland.craigslist.org,33801
MO,Lake Of The Ozarks,https://loz.craigslist.org,65065
PA,Lancaster,https://lancaster.craigslist.org,17504
MI,Lansing,https://lansing.craigslist.org,48906
TX,Laredo,https://laredo.craigslist.org,78040
CO,La Salle Co,https://lasalle.craigslist.org,80645
NM,Las Cruces,https://lascruces.craigslist.org,88005
NV,Las Vegas,https://lasvegas.craigslist.org,89106
KS,Lawrence,https://lawrence.craigslist.org,66044
OK,Lawton,https://lawton.craigslist.org,73501
PA,Lehigh Valley,https://allentown.craigslist.org,18102
WA,Lewiston / Clarkston,https://lewiston.craigslist.org,99403
KY,Lexington,https://lexington.craigslist.org,40507
OH,Lima / Findlay,https://limaohio.craigslist.org,45804
NE,Lincoln,https://lincoln.craigslist.org,68508
AR,Little Rock,https://littlerock.craigslist.org,72201
UT,Logan,https://logan.craigslist.org,84321
NY,Long Island,https://longisland.craigslist.org,11751
CA,Los Angeles,https://losangeles.craigslist.org,90012
KY,Louisville,https://louisville.craigslist.org,40202
TX,Lubbock,https://lubbock.craigslist.org,79401
VA,Lynchburg,https://lynchburg.craigslist.org,24505
GA,Macon / Warner Robins,https://macon.craigslist.org,31213
WI,Madison,https://madison.craigslist.org,53788
ME,Maine,https://maine.craigslist.org,04101
KS,Manhattan,https://ksu.craigslist.org,66502
MN,Mankato,https://mankato.craigslist.org,56001
OH,Mansfield,https://mansfield.craigslist.org,44902
IA,Mason City,https://masoncity.craigslist.org,50401
IL,Mattoon-Charleston,https://mattoon.craigslist.org,61938
TX,Mcallen / Edinburg,https://mcallen.craigslist.org,78501
PA,Meadville,https://meadville.craigslist.org,16335
OR,Medford-Ashland,https://medford.craigslist.org,97501
TN,Memphis,https://memphis.craigslist.org,38103
CA,Mendocino County,https://mendocino.craigslist.org,95482
CA,Merced,https://merced.craigslist.org,95340
MS,Meridian,https://meridian.craigslist.org,39301
WI,Milwaukee,https://milwaukee.craigslist.org,53203
MN,Minneapolis / St Paul,https://minneapolis.craigslist.org,55415
MT,Missoula,https://missoula.craigslist.org,59807
AL,Mobile,https://mobile.craigslist.org,36601
CA,Modesto,https://modesto.craigslist.org,95354
AZ,Mohave County,https://mohave.craigslist.org,86403
LA,Monroe,https://monroe.craigslist.org,71211
MI,Monroe,https://monroemi.craigslist.org,48161
CA,Monterey Bay,https://monterey.craigslist.org,93901
AL,Montgomery,https://montgomery.craigslist.org,36104
WV,Morgantown,https://morgantown.craigslist.org,26505
WA,Moses Lake,https://moseslake.craigslist.org,98837
IN,Muncie / Anderson,https://muncie.craigslist.org,47305
MI,Muskegon,https://muskegon.craigslist.org,49440
SC,Myrtle Beach,https://myrtlebeach.craigslist.org,29577
TN,Nashville,https://nashville.craigslist.org,37201
NH,New Hampshire,https://nh.craigslist.org,03104
CT,New Haven,https://newhaven.craigslist.org,06510
LA,New Orleans,https://neworleans.craigslist.org,70112
VA,"New River Valley  - Blacksburg, Christiansburg, Radford, Etc",https://blacksburg.craigslist.org,24061
NY,New York City,https://newyork.craigslist.org,10001
VA,Norfolk / Hampton Roads,https://norfolk.craigslist.org,23514
FL,North Central Fl,https://lakecity.craigslist.org,32056
ND,North Dakota,https://nd.craigslist.org,58702
SD,Northeast Sd,https://nesd.craigslist.org,57201
MI,Northern Michigan,https://nmi.craigslist.org,49684
WV,Northern Panhandle,https://wheeling.craigslist.org,26003
WI,Northern Wi,https://northernwi.craigslist.org,54501
NJ,North Jersey,https://newjersey.craigslist.org,07105
MS,North Mississippi,https://northmiss.craigslist.org,38804
NE,North Platte,https://northplatte.craigslist.org,69103
CT,Northwest Ct,https://nwct.craigslist.org,06810
GA,Northwest Ga,https://nwga.craigslist.org,30161
KS,Northwest Ks,https://nwks.craigslist.org,67601
OK,Northwest Ok,https://enid.craigslist.org,73701
FL,Ocala,https://ocala.craigslist.org,34475
TX,Odessa / Midland,https://odessa.craigslist.org,79760
UT,Ogden-Clearfield,https://ogden.craigslist.org,84401
FL,Okaloosa / Walton,https://okaloosa.craigslist.org,32548
OK,Oklahoma City,https://oklahomacity.craigslist.org,73109
WA,Olympic Peninsula,https://olympic.craigslist.org,98362
IA,Omaha / Council Bluffs,https://omaha.craigslist.org,51501
NY,Oneonta,https://oneonta.craigslist.org,13820
CA,Orange County,https://orangecounty.craigslist.org,92702
OR,Oregon Coast,https://oregoncoast.craigslist.org,97420
FL,Orlando,https://orlando.craigslist.org,32801
NC,Outer Banks,https://outerbanks.craigslist.org,27948
KY,Owensboro,https://owensboro.craigslist.org,42301
CA,Palm Springs,https://palmsprings.craigslist.org,92262
FL,Panama City,https://panamacity.craigslist.org,32405
WV,Parkersburg-Marietta,https://parkersburg.craigslist.org,26101
FL,Pensacola,https://pensacola.craigslist.org,32503
IL,Peoria,https://peoria.craigslist.org,61629
PA,Philadelphia,https://philadelphia.craigslist.org,19103
AZ,Phoenix,https://phoenix.craigslist.org,85004
SD,Pierre / Central Sd,https://csd.craigslist.org,57501
PA,Pittsburgh,https://pittsburgh.craigslist.org,15262
NY,Plattsburgh-Adirondacks,https://plattsburgh.craigslist.org,12901
PA,Poconos,https://poconos.craigslist.org,18360
MI,Port Huron,https://porthuron.craigslist.org,48060
OR,Portland,https://portland.craigslist.org,97204
NY,Potsdam-Canton-Massena,https://potsdam.craigslist.org,13676
AZ,Prescott,https://prescott.craigslist.org,86313
UT,Provo / Orem,https://provo.craigslist.org,84603
CO,Pueblo,https://pueblo.craigslist.org,81003
WA,Pullman / Moscow,https://pullman.craigslist.org,99163
IA/IL,Quad Cities,https://quadcities.craigslist.org,52802
NC,Raleigh / Durham / Ch,https://raleigh.craigslist.org,27603
SD,Rapid City / West Sd,https://rapidcity.craigslist.org,57701
PA,Reading,https://reading.craigslist.org,19602
CA,Redding,https://redding.craigslist.org,96001
NV,Reno / Tahoe,https://reno.craigslist.org,89505
RI,Rhode Island,https://providence.craigslist.org,02902
IN,Richmond,https://richmondin.craigslist.org,47374
VA,Richmond,https://richmond.craigslist.org,23298
VA,Roanoke,https://roanoke.craigslist.org,24011
MN,Rochester,https://rmn.craigslist.org,55903
NY,Rochester,https://rochester.craigslist.org,14614
IL,Rockford,https://rockford.craigslist.org,61101
OR,Roseburg,https://roseburg.craigslist.org,97470
NM,Roswell / Carlsbad,https://roswell.craigslist.org,88201
CA,Sacramento,https://sacramento.craigslist.org,95814
MI,Saginaw-Midland-Baycity,https://saginaw.craigslist.org,48601
OR,Salem,https://salem.craigslist.org,97311
KS,Salina,https://salina.craigslist.org,67401
UT,Salt Lake City,https://saltlakecity.craigslist.org,84138
TX,San Angelo,https://sanangelo.craigslist.org,76903
TX,San Antonio,https://sanantonio.craigslist.org,78205
CA,San Diego,https://sandiego.craigslist.org,92101
OH,Sandusky,https://sandusky.craigslist.org,44870
CA,San Luis Obispo,https://slo.craigslist.org,93410
TX,San Marcos,https://sanmarcos.craigslist.org,78666
CA,Santa Barbara,https://santabarbara.craigslist.org,93121
NM,Santa Fe / Taos,https://santafe.craigslist.org,87501
CA,Santa Maria,https://santamaria.craigslist.org,93454
FL,Sarasota-Bradenton,https://sarasota.craigslist.org,34236
GA,Savannah / Hinesville,https://savannah.craigslist.org,31401
NE,Scottsbluff / Panhandle,https://scottsbluff.craigslist.org,69361
PA,Scranton / Wilkes-Barre,https://scranton.craigslist.org,18503
WA,Seattle-Tacoma,https://seattle.craigslist.org,98138
CA,Sf Bay Area,https://sfbay.craigslist.org,94108
WI,Sheboygan,https://sheboygan.craigslist.org,53081
AZ,Show Low,https://showlow.craigslist.org,85901
LA,Shreveport,https://shreveport.craigslist.org,71101
AZ,Sierra Vista,https://sierravista.craigslist.org,85636
IA,Sioux City,https://siouxcity.craigslist.org,51101
SD,Sioux Falls / Se Sd,https://siouxfalls.craigslist.org,57117
CA,Siskiyou County,https://siskiyou.craigslist.org,96067
WA,Skagit / Island / Sji,https://skagit.craigslist.org,98273
IN,South Bend / Michiana,https://southbend.craigslist.org,46617
MA,South Coast,https://southcoast.craigslist.org,02740
SD,South Dakota,https://sd.craigslist.org,57401
AK,Southeast Alaska,https://juneau.craigslist.org,99802
IA,Southeast Ia,https://ottumwa.craigslist.org,52501
KS,Southeast Ks,https://seks.craigslist.org,66762
MO,Southeast Missouri,https://semo.craigslist.org,63703
IL,Southern Illinois,https://carbondale.craigslist.org,62901
MD,Southern Maryland,https://smd.craigslist.org,20601
WV,Southern Wv,https://swv.craigslist.org,25801
FL,"South Florida  - Includes Separate Sections For Miami/Dade, Broward, And Palm Beach Counties",https://miami.craigslist.org,33131
NJ,South Jersey,https://southjersey.craigslist.org,08103
KS,Southwest Ks,https://swks.craigslist.org,67801
MI,Southwest Michigan,https://swmi.craigslist.org,49120
MN,Southwest Mn,https://marshall.craigslist.org,56258
MS,Southwest Ms,https://natchez.craigslist.org,39120
TX,Southwest Tx,https://bigbend.craigslist.org,79830
VA,Southwest Va,https://swva.craigslist.org,24203
FL,Space Coast,https://spacecoast.craigslist.org,32901
WA,Spokane / Coeur D'Alene,https://spokane.craigslist.org,99201
IL,Springfield,https://springfieldil.craigslist.org,62715
MO,Springfield,https://springfield.craigslist.org,65806
PA,State College,https://pennstate.craigslist.org,16802
GA,Statesboro,https://statesboro.craigslist.org,30458
FL,St Augustine,https://staugustine.craigslist.org,32084
MN,St Cloud,https://stcloud.craigslist.org,56303
UT,St George,https://stgeorge.craigslist.org,84770
OK,Stillwater,https://stillwater.craigslist.org,74074
MO,St Joseph,https://stjoseph.craigslist.org,64501
MO,St Louis,https://stlouis.craigslist.org,63103
CA,Stockton,https://stockton.craigslist.org,95202
CA,Susanville,https://susanville.craigslist.org,96130
NY,Syracuse,https://syracuse.craigslist.org,13202
FL,Tallahassee,https://tallahassee.craigslist.org,32301
FL,Tampa Bay Area,https://tampa.craigslist.org,33602
IN,Terre Haute,https://terrehaute.craigslist.org,47807
TX,Texarkana,https://texarkana.craigslist.org,75501
OK,Texoma,https://texoma.craigslist.org,74701
MI,The Thumb,https://thumb.craigslist.org,48723
OH,Toledo,https://toledo.craigslist.org,43604
KS,Topeka,https://topeka.craigslist.org,66603
FL,Treasure Coast,https://treasure.craigslist.org,34983
TN,Tri-Cities,https://tricities.craigslist.org,37605
AZ,Tucson,https://tucson.craigslist.org,85701
OK,Tulsa,https://tulsa.craigslist.org,74172
AL,Tuscaloosa,https://tuscaloosa.craigslist.org,35491
OH,Tuscarawas Co,https://tuscarawas.craigslist.org,44663
ID,Twin Falls,https://twinfalls.craigslist.org,83301
NY,Twin Tiers Ny/Pa,https://twintiers.craigslist.org,14760
TX,Tyler / East Tx,https://easttexas.craigslist.org,75702
MI,Upper Peninsula,https://up.craigslist.org,49855
NY,Utica-Rome-Oneida,https://utica.craigslist.org,13503
GA,Valdosta,https://valdosta.craigslist.org,31602
CA,Ventura County,https://ventura.craigslist.org,93031
VT,Vermont,https://vermont.craigslist.org,05401
TX,Victoria,https://victoriatx.craigslist.org,77902
CA,Visalia-Tulare,https://visalia.craigslist.org,93279
TX,Waco,https://waco.craigslist.org,76710
DC,Washington,https://washingtondc.craigslist.org,20500
IA,Waterloo / Cedar Falls,https://waterloo.craigslist.org,50703
NY,Watertown,https://watertown.craigslist.org,13601
WI,Wausau,https://wausau.craigslist.org,54403
WA,Wenatchee,https://wenatchee.craigslist.org,98807
IL,Western Il,https://quincy.craigslist.org,62301
KY,Western Ky,https://westky.craigslist.org,42002
MD,Western Maryland,https://westmd.craigslist.org,21740
MA,Western Massachusetts,https://westernmass.craigslist.org,01144
CO,Western Slope,https://westslope.craigslist.org,81501
WV,West Virginia (Old),https://wv.craigslist.org,26301
TX,Wichita Falls,https://wichitafalls.craigslist.org,76301
KS,Wichita,https://wichita.craigslist.org,67202
PA,Williamsport,https://williamsport.craigslist.org,17701
NC,Wilmington,https://wilmington.craigslist.org,28401
VA,Winchester,https://winchester.craigslist.org,22601
NC,Winston-Salem,https://winstonsalem.craigslist.org,27102
MA,Worcester / Central Ma,https://worcester.craigslist.org,01608
WY,Wyoming,https://wyoming.craigslist.org,82002
WA,Yakima,https://yakima.craigslist.org,98902
PA,York,https://york.craigslist.org,17402
OH,Youngstown,https://youngstown.craigslist.org,44503
CA,Yuba-Sutter,https://yubasutter.craigslist.org,95992
AZ,Yuma,https://yuma.craigslist.org,85364
OH,Zanesville / Cambridge,https://zanesville.craigslist.org,43701
